time,time,d13c,d18O
61.001583,61001.583,1.4934136,0.75382179
61.005048,61005.048,1.4890447,0.7764051
61.007358,61007.358,1.4693019,0.74310732
61.010824,61010.824,1.4396549,0.68484479
61.015444,61015.444,1.4113243,0.65119386
61.018909,61018.909,1.3941396,0.68160486
61.022375,61022.375,1.3842052,0.73762083
61.02584,61025.84,1.3710688,0.75195694
61.029305,61029.305,1.3547264,0.68047541
61.033926,61033.926,1.3399258,0.57434803
61.036236,61036.236,1.334275,0.50925452
61.050097,61050.097,1.3420609,0.51223671
61.055873,61055.873,1.3600982,0.53774589
61.060493,61060.493,1.3802294,0.55257517
61.063959,61063.959,1.3992829,0.57892084
61.067424,61067.424,1.4151598,0.63631827
61.070889,61070.889,1.4255289,0.68756962
61.07551,61075.51,1.4268702,0.68605918
61.07782,61077.82,1.4258622,0.65631938
61.081285,61081.285,1.4321946,0.64991713
61.08475,61084.75,1.446864,0.66564614
61.088216,61088.216,1.4600027,0.69387138
61.091681,61091.681,1.4547664,0.7140426
61.097457,61097.457,1.4216882,0.71311104
61.102077,61102.077,1.35928,0.69269437
61.105542,61105.542,1.2931539,0.66096288
61.109008,61109.008,1.2544922,0.6378603
61.115938,61115.938,1.2550211,0.64266402
61.119404,61119.404,1.2673587,0.67501247
61.122869,61122.869,1.2640254,0.70307374
61.126334,61126.334,1.235823,0.69891977
61.1298,61129.8,1.2000029,0.64939731
61.13673,61136.73,1.1687601,0.58637553
61.13904,61139.04,1.1471059,0.54945976
61.142506,61142.506,1.1295556,0.56382078
61.147126,61147.126,1.1125598,0.59968853
61.154057,61154.057,1.1008117,0.61425716
61.157522,61157.522,1.078689,0.58129591
61.160987,61160.987,1.0248981,0.53070778
61.167918,61167.918,0.96022147,0.50388765
61.178314,61178.314,0.91375065,0.51288742
61.180624,61180.624,0.91150194,0.53360176
61.18409,61184.09,0.9408676,0.55318999
61.18871,61188.71,0.97300315,0.58459657
61.192175,61192.175,0.98124617,0.63008493
61.195641,61195.641,0.96663868,0.66079277
61.199106,61199.106,0.94189286,0.64562267
61.202571,61202.571,0.93434381,0.59980279
61.206037,61206.037,0.95010567,0.56395906
61.209502,61209.502,0.97005862,0.56093341
61.212967,61212.967,0.96878254,0.57105368
61.216433,61216.433,0.94523883,0.57117498
61.219898,61219.898,0.91687959,0.56596977
61.223363,61223.363,0.89703369,0.56317711
61.225673,61225.673,0.87427419,0.54425126
61.229139,61229.139,0.82891947,0.4736239
61.24069,61240.69,0.74973512,0.35856175
61.257306,61257.306,0.67017657,0.24477178
61.265889,61265.889,0.63759691,0.18234546
61.277334,61277.334,0.68236601,0.17830536
61.283056,61283.056,0.76211613,0.21375498
61.291639,61291.639,0.81509387,0.25093728
61.295931,61295.931,0.80639732,0.26017943
61.300223,61300.223,0.76555479,0.23471127
61.304514,61304.514,0.72745842,0.17595066
61.308806,61308.806,0.71252447,0.11299811
61.31739,61317.39,0.71595126,0.080607459
61.321681,61321.681,0.73480469,0.11230355
61.328834,61328.834,0.7690872,0.18313585
61.333126,61333.126,0.80478132,0.24014516
61.34314,61343.14,0.81792295,0.23653679
61.347047,61347.047,0.7919538,0.1875595
61.350184,61350.184,0.75037241,0.13331932
61.359596,61359.596,0.72929931,0.10112305
61.365871,61365.871,0.77579308,0.090356298
61.374237,61374.237,0.87596422,0.099243194
61.384695,61384.695,0.97451109,0.1053856
61.387833,61387.833,1.0219407,0.10750666
61.394108,61394.108,1.0288464,0.13551244
61.397245,61397.245,1.0300558,0.2210982
61.400382,61400.382,1.0527091,0.33879167
61.40352,61403.52,1.0939581,0.43274763
61.406657,61406.657,1.1436478,0.47534472
61.409794,61409.794,1.2139175,0.49090278
61.415023,61415.023,1.2718467,0.50148833
61.419207,61419.207,1.2705255,0.50979483
61.422344,61422.344,1.2407234,0.502074
61.425481,61425.481,1.2212151,0.47572964
61.428619,61428.619,1.2298415,0.44206741
61.431756,61431.756,1.2459583,0.42439044
61.434893,61434.893,1.250613,0.43809897
61.441168,61441.168,1.2419957,0.47925991
61.444306,61444.306,1.2370379,0.52094334
61.447443,61447.443,1.2448986,0.54405421
61.452672,61452.672,1.2660275,0.55276144
61.459993,61459.993,1.2833235,0.55630469
61.46313,61463.13,1.2796196,0.54319471
61.466267,61466.267,1.2433872,0.48652431
61.469405,61469.405,1.1930022,0.40641761
61.472542,61472.542,1.1561534,0.36193281
61.475679,61475.679,1.1552179,0.40272561
61.478817,61478.817,1.169163,0.49035057
61.481954,61481.954,1.1605633,0.55171406
61.485092,61485.092,1.1170279,0.5510093
61.500779,61500.779,1.0616803,0.52406192
61.503916,61503.916,1.0103678,0.50522673
61.507053,61507.053,0.95582265,0.49393603
61.516465,61516.465,0.90409184,0.47360981
61.519603,61519.603,0.90011179,0.45458469
61.526923,61526.923,0.95349413,0.44240436
61.531107,61531.107,1.0470698,0.44775888
61.538427,61538.427,1.1464967,0.48870432
61.544702,61544.702,1.2182895,0.59200621
61.549931,61549.931,1.2465646,0.68832785
61.550977,61550.977,1.241305,0.70784426
61.554114,61554.114,1.2241814,0.68694586
61.557251,61557.251,1.1968428,0.65885842
61.563526,61563.526,1.1637354,0.63111949
61.566664,61566.664,1.1341398,0.59906209
61.568755,61568.755,1.1169562,0.57760477
61.571892,61571.892,1.1055667,0.56006896
61.576076,61576.076,1.0883873,0.5348621
61.579213,61579.213,1.0668693,0.50953215
61.58235,61582.35,1.0486777,0.5241341
61.585488,61585.488,1.0355045,0.57556492
61.588625,61588.625,1.0198407,0.60663527
61.591763,61591.763,1.0115052,0.55669349
61.5949,61594.9,1.0151353,0.45601523
61.601175,61601.175,1.0154495,0.38380197
61.604312,61604.312,0.98971695,0.38689578
61.617907,61617.907,0.95316863,0.42605156
61.62523,61625.23,0.93866467,0.45133993
61.639615,61639.615,0.94306368,0.43971509
61.644845,61644.845,0.9540258,0.42173618
61.648769,61648.769,0.95393151,0.42788142
61.652692,61652.692,0.94669372,0.47304887
61.657922,61657.922,0.95227098,0.53204829
61.665769,61665.769,0.98087406,0.57522535
61.668384,61668.384,1.0121657,0.58698595
61.672307,61672.307,1.020282,0.57962197
61.677538,61677.538,0.99321038,0.56530857
61.681461,61681.461,0.94824904,0.53734165
61.685384,61685.384,0.90350115,0.49249297
61.69323,61693.23,0.86352414,0.44815108
61.697154,61697.154,0.82818574,0.42387155
61.699769,61699.769,0.80855507,0.42140681
61.703692,61703.692,0.80712342,0.43144083
61.707615,61707.615,0.81346226,0.45817715
61.712846,61712.846,0.81926012,0.494086
61.716769,61716.769,0.81678766,0.51225132
61.719385,61719.385,0.79758722,0.4602122
61.723179,61723.179,0.75225556,0.3583903
61.726717,61726.717,0.69037485,0.28919369
61.731433,61731.433,0.64286822,0.32188845
61.734971,61734.971,0.63234401,0.40667692
61.738508,61738.508,0.6502822,0.44737142
61.742046,61742.046,0.67506027,0.40042034
61.744404,61744.404,0.70963192,0.33665836
61.746763,61746.763,0.75351721,0.33147731
61.756196,61756.196,0.79702884,0.39441356
61.759733,61759.733,0.82931018,0.4655517
61.76445,61764.45,0.86269057,0.51610583
61.765629,61765.629,0.9077695,0.54837573
61.770346,61770.346,0.9510951,0.581563
61.775063,61775.063,0.97175682,0.61223483
61.777421,61777.421,0.97214019,0.63805568
61.782138,61782.138,0.97373784,0.65495789
61.784496,61784.496,0.99438828,0.65691078
61.786854,61786.854,1.0176673,0.63087547
61.791571,61791.571,1.0136728,0.58633322
61.793929,61793.929,0.94976455,0.55103362
61.802184,61802.184,0.85467428,0.54125136
61.805721,61805.721,0.7905587,0.54780585
61.808079,61808.079,0.79077244,0.56026334
61.811617,61811.617,0.82556206,0.57432389
61.816334,61816.334,0.86242217,0.58878255
61.819871,61819.871,0.89521182,0.59784812
61.823409,61823.409,0.91455436,0.59247315
61.826946,61826.946,0.89469457,0.57333243
61.829305,61829.305,0.8539179,0.54921782
61.841096,61841.096,0.8209269,0.53852212
61.844634,61844.634,0.81670994,0.54650003
61.848171,61848.171,0.83660156,0.56223577
61.85053,61850.53,0.8708235,0.56709641
61.856425,61856.425,0.92306232,0.55962145
61.861142,61861.142,0.98388094,0.55465442
61.86468,61864.68,1.0238153,0.55887908
61.870576,61870.576,0.99249578,0.55793357
61.875292,61875.292,0.97758275,0.55011183
61.882367,61882.367,0.98820591,0.54660499
61.885905,61885.905,1.0001171,0.53920269
61.889442,61889.442,0.99312872,0.52341282
61.89298,61892.98,0.96832585,0.50791937
61.896517,61896.517,0.94780016,0.5042761
61.900055,61900.055,0.94287384,0.49928063
61.903592,61903.592,0.94414896,0.47961938
61.90713,61907.13,0.94135374,0.45667943
61.909488,61909.488,0.94449991,0.45616019
61.913026,61913.026,0.96290642,0.48786366
61.917742,61917.742,0.98909867,0.53933078
61.92128,61921.28,1.0078979,0.58739161
61.924817,61924.817,1.0104734,0.61813354
61.928355,61928.355,1.0072682,0.63298351
61.931892,61931.892,1.0120138,0.63869905
61.93543,61935.43,1.0237511,0.64145607
61.938967,61938.967,1.033062,0.64180875
61.942505,61942.505,1.0409895,0.63569027
61.946042,61946.042,1.0524756,0.63439602
61.94958,61949.58,1.0642506,0.63347185
61.953117,61953.117,1.065039,0.61236835
61.955476,61955.476,1.0459814,0.57053977
61.959013,61959.013,1.0154458,0.52014214
61.96373,61963.73,0.98799849,0.4845759
61.967268,61967.268,0.95851481,0.48016256
61.970805,61970.805,0.92160153,0.51563132
61.975522,61975.522,0.89142221,0.56455112
61.97788,61977.88,0.89404774,0.5905031
61.981418,61981.418,0.91806149,0.57062262
61.984955,61984.955,0.92139542,0.52085543
61.988493,61988.493,0.84857649,0.46299806
61.99203,61992.03,0.71518171,0.39704546
61.997926,61997.926,0.58571821,0.32225335
62.003822,62003.822,0.52166039,0.25930938
62.006173,62006.173,0.49765125,0.22965665
62.009691,62009.691,0.4692367,0.22518381
62.013208,62013.208,0.44124365,0.22224683
62.016725,62016.725,0.42185342,0.20382255
62.020242,62020.242,0.439033,0.19003603
62.023759,62023.759,0.49486735,0.21296544
62.030793,62030.793,0.55871469,0.27377522
62.03431,62034.31,0.61684465,0.33427423
62.037828,62037.828,0.67079079,0.36750743
62.041345,62041.345,0.712807,0.38560942
62.04369,62043.69,0.7463544,0.41748255
62.053069,62053.069,0.77917463,0.46132368
62.055413,62055.413,0.80994278,0.49204183
62.05893,62058.93,0.83256376,0.49527794
62.062448,62062.448,0.8420974,0.48532638
62.065965,62065.965,0.83895057,0.48359799
62.069482,62069.482,0.82612723,0.49044141
62.072999,62072.999,0.79779768,0.4885579
62.076516,62076.516,0.74111837,0.45525959
62.080033,62080.033,0.65454859,0.39366713
62.085895,62085.895,0.55678302,0.32519466
62.089412,62089.412,0.4653312,0.26106626
62.097619,62097.619,0.39614657,0.21154918
62.101136,62101.136,0.35620725,0.19662216
62.104653,62104.653,0.34955996,0.21720842
62.108327,62108.327,0.36663485,0.2454166
62.112313,62112.313,0.38765556,0.25800362
62.116299,62116.299,0.40135902,0.24831221
62.120286,62120.286,0.40289158,0.23160772
62.124272,62124.272,0.40462205,0.21753114
62.128258,62128.258,0.42112088,0.18507949
62.132245,62132.245,0.48721892,0.17420585
62.134902,62134.902,0.60688031,0.24955949
62.138889,62138.889,0.74837542,0.37346876
62.144204,62144.204,0.88897979,0.4935275
62.152176,62152.176,1.0106316,0.58317816
62.156163,62156.163,1.0885949,0.64750355
62.160149,62160.149,1.1048462,0.68155831
62.164135,62164.135,1.0862077,0.68392611
62.166793,62166.793,1.0752126,0.67059451
62.170779,62170.779,1.0920186,0.66272372
62.174765,62174.765,1.1193756,0.66841662
62.178752,62178.752,1.1437043,0.67685038
62.182738,62182.738,1.1568148,0.68079638
62.186724,62186.724,1.1613381,0.6835863
62.190711,62190.711,1.1599276,0.69222641
62.194697,62194.697,1.157315,0.70499992
62.198683,62198.683,1.1531996,0.7163139
62.201341,62201.341,1.1322438,0.72072369
62.205327,62205.327,1.0999126,0.71673512
62.211971,62211.971,1.0825148,0.70545828
62.214629,62214.629,1.1099627,0.69436818
62.218615,62218.615,1.1706463,0.69151789
62.222601,62222.601,1.2285914,0.70056134
62.226588,62226.588,1.2599261,0.71525586
62.230574,62230.574,1.2661583,0.72880971
62.23456,62234.56,1.2493834,0.73807716
62.242533,62242.533,1.2217833,0.74140686
62.246519,62246.519,1.1931477,0.73424888
62.249177,62249.177,1.1619835,0.71914822
62.253163,62253.163,1.1177702,0.71032101
62.257149,62257.149,1.0670726,0.72072399
62.263793,62263.793,1.0340265,0.75339854
62.26778,62267.78,1.0360231,0.7895301
62.271766,62271.766,1.0569217,0.80929136
62.275752,62275.752,1.0705594,0.80829519
62.279739,62279.739,1.0650833,0.79940313
62.281067,62281.067,1.0485375,0.78866112
62.286382,62286.382,1.0246042,0.78033811
62.291698,62291.698,0.9955613,0.76650512
62.295684,62295.684,0.96695739,0.73491085
62.29967,62299.67,0.93928874,0.67689669
62.303602,62303.602,0.91800725,0.61610818
62.307506,62307.506,0.91913456,0.58875036
62.310109,62310.109,0.9581182,0.60841167
62.315314,62315.314,1.0140606,0.64134055
62.319218,62319.218,1.048466,0.65273213
62.323122,62323.122,1.0397121,0.62059009
62.327026,62327.026,1.0125524,0.5883705
62.330931,62330.931,0.99805415,0.58709055
62.333533,62333.533,1.008036,0.5971542
62.337437,62337.437,1.0190406,0.60601467
62.341341,62341.341,1.009221,0.60562521
62.346547,62346.547,0.97792482,0.59961814
62.350451,62350.451,0.94694722,0.59296566
62.354355,62354.355,0.92811239,0.58980519
62.358259,62358.259,0.91909903,0.58891183
62.362163,62362.163,0.90886724,0.58721453
62.363465,62363.465,0.8961637,0.59243989
62.369972,62369.972,0.87703067,0.62538934
62.375177,62375.177,0.87618476,0.62604451
62.37778,62377.78,0.89223897,0.6087501
62.380383,62380.383,0.89275587,0.58894742
62.384287,62384.287,0.7629835,0.57197756
62.392095,62392.095,0.72501338,0.57357335
62.393396,62393.396,0.7573536,0.58685595
62.3973,62397.3,0.82185584,0.60451716
62.402506,62402.506,0.86424023,0.60708869
62.407711,62407.711,0.84364408,0.58018482
62.411615,62411.615,0.7905252,0.53648758
62.41552,62415.52,0.75758457,0.49712998
62.419424,62419.424,0.78453153,0.4673394
62.423328,62423.328,0.84152555,0.44459498
62.431136,62431.136,0.87694246,0.43840742
62.43504,62435.04,0.86797851,0.46108422
62.438944,62438.944,0.85082942,0.49860397
62.442848,62442.848,0.86237037,0.52098399
62.445451,62445.451,0.91312647,0.50610083
62.449355,62449.355,0.96790892,0.47321188
62.454561,62454.561,0.99502248,0.45440534
62.458465,62458.465,0.98360538,0.4702698
62.462369,62462.369,0.95432317,0.50101012
62.466273,62466.273,0.92277151,0.51813912
62.470177,62470.177,0.89559627,0.4959476
62.474081,62474.081,0.87500358,0.45382881
62.477985,62477.985,0.86992919,0.43094903
62.481889,62481.889,0.89350861,0.45659354
62.485794,62485.794,0.93237221,0.50674522
62.489698,62489.698,0.95569849,0.54061687
62.493602,62493.602,0.93678516,0.53041261
62.496204,62496.204,0.88696843,0.48763162
62.500109,62500.109,0.83248442,0.43042946
62.505314,62505.314,0.79244715,0.36662009
62.509218,62509.218,0.76810199,0.30734256
62.513122,62513.122,0.75888181,0.27574012
62.517026,62517.026,0.75432235,0.2750515
62.520931,62520.931,0.74228603,0.28045422
62.524835,62524.835,0.71969563,0.27299997
62.527437,62527.437,0.69671208,0.24407904
62.532643,62532.643,0.69436353,0.21772712
62.536547,62536.547,0.72587311,0.22396401
62.540451,62540.451,0.79335833,0.26335001
62.545657,62545.657,0.87148094,0.3103492
62.552163,62552.163,0.9322806,0.35583684
62.556067,62556.067,0.96033025,0.40519014
62.559972,62559.972,0.96446109,0.44070339
62.563876,62563.876,0.9531008,0.41862714
62.56778,62567.78,0.92504054,0.29217502
62.575588,62575.588,0.89600074,0.12638348
62.579492,62579.492,0.8946023,0.045237344
62.583396,62583.396,0.91823417,0.12137192
62.587496,62587.496,0.95386982,0.27091384
62.593485,62593.485,0.99465215,0.38308492
62.594982,62594.982,1.0356541,0.39649752
62.599474,62599.474,1.0667439,0.372462
62.605463,62605.463,1.0905306,0.38424727
62.611451,62611.451,1.1168905,0.45336491
62.614446,62614.446,1.1465921,0.52330202
62.618937,62618.937,1.1772488,0.55029082
62.623429,62623.429,1.1954354,0.53809732
62.626423,62626.423,1.1853622,0.52540958
62.632412,62632.412,1.1378216,0.52084273
62.636904,62636.904,1.0778663,0.50937235
62.641395,62641.395,1.0410972,0.47894123
62.647384,62647.384,1.0467492,0.44261539
62.648881,62648.881,1.0804507,0.43668965
62.653373,62653.373,1.1273931,0.4647963
62.663853,62663.853,1.1701044,0.49100757
62.668345,62668.345,1.1956079,0.47680652
62.672836,62672.836,1.1958383,0.43563804
62.677328,62677.328,1.1817863,0.40951693
62.681819,62681.819,1.1725725,0.41527644
62.686311,62686.311,1.1723267,0.42755088
62.690802,62690.802,1.1674075,0.42505673
62.695294,62695.294,1.1518987,0.42351407
62.701283,62701.283,1.1415174,0.44008619
62.704277,62704.277,1.1431992,0.45565423
62.707272,62707.272,1.149496,0.47770157
62.711763,62711.763,1.1545491,0.5096336
62.717752,62717.752,1.151195,0.52621454
62.722243,62722.243,1.1364776,0.48093206
62.726735,62726.735,1.1108491,0.41094223
62.731227,62731.227,1.0944653,0.40564561
62.737215,62737.215,1.1019003,0.46136534
62.74021,62740.21,1.1252357,0.53875172
62.744701,62744.701,1.1537516,0.58764791
62.749193,62749.193,1.1718733,0.58875829
62.755182,62755.182,1.164399,0.54902512
62.758176,62758.176,1.1286194,0.49322227
62.773148,62773.148,1.084812,0.45317835
62.776142,62776.142,1.0522559,0.44641787
62.785126,62785.126,1.0442482,0.4707773
62.789617,62789.617,1.0545686,0.49814799
62.794109,62794.109,1.0732193,0.50713688
62.7986,62798.6,1.1084895,0.4903906
62.803092,62803.092,1.1302336,0.45038104
62.807583,62807.583,1.0941921,0.38045317
62.812075,62812.075,1.0288812,0.28556025
62.819561,62819.561,0.97581404,0.19556333
62.824053,62824.053,0.95360357,0.14116909
62.834533,62834.533,0.94635499,0.14047889
62.839024,62839.024,0.94382,0.1646262
62.843516,62843.516,0.91862053,0.17386574
62.852264,62852.264,0.8725462,0.13687211
62.859835,62859.835,0.83909982,0.080071069
62.867407,62867.407,0.85476232,0.05034411
62.872454,62872.454,0.91055721,0.077193834
62.873716,62873.716,0.97180116,0.13200271
62.878764,62878.764,1.0133758,0.17447205
62.882549,62882.549,1.0321562,0.18965785
62.886335,62886.335,1.0264502,0.19056843
62.890121,62890.121,1.0020677,0.17883344
62.893906,62893.906,0.98068011,0.15633355
62.897692,62897.692,0.98438627,0.13128079
62.901478,62901.478,1.0113767,0.11480188
62.905263,62905.263,1.0316056,0.11629716
62.909049,62909.049,1.0248173,0.13409492
62.912835,62912.835,1.0056225,0.16271384
62.91662,62916.62,1.0037092,0.20000502
62.919144,62919.144,1.0214379,0.23455417
62.92293,62922.93,1.0368407,0.2469818
62.927977,62927.977,1.0287628,0.24322768
62.931763,62931.763,1.0007832,0.23832875
62.935549,62935.549,0.96878076,0.22655116
62.954477,62954.477,0.94493157,0.18918049
62.958716,62958.716,0.92726183,0.13260496
62.965577,62965.577,0.90567261,0.088744707
62.967292,62967.292,0.89092362,0.10576747
62.972437,62972.437,0.91232932,0.17497995
62.979298,62979.298,0.9886992,0.24301086
62.984444,62984.444,1.0845361,0.27344915
62.989589,62989.589,1.1476941,0.28151503
62.994734,62994.734,1.1535989,0.29128402
62.99988,62999.88,1.1345494,0.29081365
63.005025,63005.025,1.1237102,0.26354545
63.010171,63010.171,1.1354965,0.22663087
63.015316,63015.316,1.1555097,0.22360931
63.020462,63020.462,1.1736938,0.2520549
63.030753,63030.753,1.1802849,0.26017118
63.034183,63034.183,1.1722749,0.20476419
63.039329,63039.329,1.1497421,0.1182625
63.046189,63046.189,1.1220022,0.062303353
63.051335,63051.335,1.0993826,0.073080175
63.05648,63056.48,1.0792891,0.12094586
63.061626,63061.626,1.0649974,0.16877691
63.066771,63066.771,1.0669086,0.17961529
63.071917,63071.917,1.0909674,0.16917564
63.077062,63077.062,1.1243361,0.17934345
63.082208,63082.208,1.1492407,0.25000536
63.087353,63087.353,1.1613361,0.35319611
63.092498,63092.498,1.1646186,0.42902327
63.095929,63095.929,1.1538265,0.44744769
63.101074,63101.074,1.1309768,0.43560004
63.107935,63107.935,1.1063412,0.41934252
63.11308,63113.08,1.0870401,0.40669069
63.118226,63118.226,1.0617946,0.38735691
63.123371,63123.371,1.026258,0.35974839
63.128517,63128.517,0.99794644,0.33045235
63.133662,63133.662,0.99921024,0.30808339
63.138808,63138.808,1.0196381,0.29408985
63.143953,63143.953,1.0276043,0.28086245
63.149099,63149.099,0.99319875,0.26404315
63.154244,63154.244,0.93434983,0.24995743
63.15939,63159.39,0.89119041,0.27379557
63.16282,63162.82,0.90045315,0.33678776
63.167965,63167.965,0.94008112,0.39431912
63.174826,63174.826,0.9822076,0.39580816
63.179971,63179.971,1.0152889,0.35085499
63.185117,63185.117,1.0157579,0.30511713
63.190262,63190.262,0.98760611,0.30086258
63.195408,63195.408,0.95830613,0.32490563
63.200553,63200.553,0.93951231,0.33972332
63.205699,63205.699,0.94180536,0.33422977
63.209129,63209.129,0.94905156,0.3216764
63.21599,63215.99,0.93283355,0.30104649
63.221135,63221.135,0.87140334,0.26239094
63.224566,63224.566,0.79250711,0.22038427
63.229711,63229.711,0.74196851,0.19127505
63.236572,63236.572,0.74125916,0.16898136
63.24212,63242.12,0.76162606,0.15592587
63.248472,63248.472,0.77355599,0.15016453
63.254825,63254.825,0.76598847,0.1436587
63.261178,63261.178,0.76021248,0.12968914
63.267531,63267.531,0.77523875,0.11295868
63.273884,63273.884,0.82152146,0.10982856
63.280237,63280.237,0.88277322,0.13106714
63.286589,63286.589,0.9378925,0.17172359
63.292942,63292.942,0.97178471,0.20818214
63.299295,63299.295,0.98451859,0.22321391
63.30353,63303.53,0.97474176,0.20923579
63.309883,63309.883,0.94582158,0.17740694
63.318353,63318.353,0.90648037,0.13861172
63.324706,63324.706,0.86020017,0.10941741
63.326824,63326.824,0.81351405,0.093442775
63.337412,63337.412,0.77972084,0.082149498
63.343765,63343.765,0.76163346,0.062024556
63.350255,63350.255,0.75268108,0.034086723
63.357018,63357.018,0.7520873,0.01159542
63.363782,63363.782,0.76844972,0.009467125
63.370546,63370.546,0.80337995,0.024570419
63.377309,63377.309,0.84562254,0.043092884
63.381818,63381.818,0.88273305,0.037690602
63.388582,63388.582,0.91581619,0.02516667
63.3976,63397.6,0.95393986,0.057929166
63.411127,63411.127,1.0059516,0.16214465
63.417891,63417.891,1.056435,0.27819854
63.424655,63424.655,1.0780617,0.32982728
63.431418,63431.418,1.064716,0.31892601
63.438182,63438.182,1.0435041,0.31300431
63.444946,63444.946,1.036931,0.33422011
63.451709,63451.709,1.0410953,0.33925611
63.458473,63458.473,1.0380849,0.29584268
63.465237,63465.237,1.0293895,0.24270944
63.469746,63469.746,1.0273722,0.24519736
63.476509,63476.509,1.0383437,0.28784388
63.485528,63485.528,1.0547141,0.28817332
63.494546,63494.546,1.0726228,0.18973994
63.499055,63499.055,1.0846485,0.053821694
63.505819,63505.819,1.0778606,-0.025471434
63.512582,63512.582,1.0412383,-0.0089478
63.532873,63532.873,0.99124992,0.043602623
63.539637,63539.637,0.95619905,0.077817366
63.548655,63548.655,0.95061338,0.094752967
63.55091,63550.91,0.96168178,0.12316664
63.557673,63557.673,0.97669959,0.15024689
63.566692,63566.692,0.98237389,0.15936361
63.573455,63573.455,0.9701125,0.14786816
63.580219,63580.219,0.93426239,0.12392121
63.586982,63586.982,0.86615425,0.08956942
63.589237,63589.237,0.78906852,0.048454773
63.602764,63602.764,0.74527633,0.011131017
63.607273,63607.273,0.76463079,-0.022879623
63.629819,63629.819,0.82868546,-0.050232757
63.636583,63636.583,0.90726185,-0.054641418
63.638837,63638.837,0.97338051,-0.022694729
63.654619,63654.619,1.0165427,0.027649539
63.663637,63663.637,1.0293463,0.065625392
63.668146,63668.146,1.0156714,0.066418156
63.67491,63674.91,0.98698258,0.049058229
63.681674,63681.674,0.96094435,0.048547212
63.690692,63690.692,0.94670033,0.077134192
63.695201,63695.201,0.94293422,0.10722022
63.701965,63701.965,0.93467677,0.1140349
63.708728,63708.728,0.91904795,0.08665777
63.717746,63717.746,0.91286516,0.048422288
63.720001,63720.001,0.93284577,0.025938986
63.726433,63726.433,0.973562,0.039673802
63.735008,63735.008,1.0186137,0.082636721
63.74144,63741.44,1.0572278,0.14025433
63.747872,63747.872,1.0881187,0.19569959
63.754304,63754.304,1.1091173,0.23930201
63.756448,63756.448,1.1220032,0.267223
63.767167,63767.167,1.1308167,0.25913861
63.771455,63771.455,1.1367786,0.22716753
63.780031,63780.031,1.1565999,0.21613541
63.786462,63786.462,1.1886542,0.25737733
63.792894,63792.894,1.2066576,0.31234103
63.80147,63801.47,1.1790258,0.32102111
63.803614,63803.614,1.1189029,0.25064602
63.814333,63814.333,1.0670975,0.15089139
63.827197,63827.197,1.0489683,0.085422456
63.831485,63831.485,1.0509493,0.054861043
63.837916,63837.916,1.0554628,0.027670996
63.844348,63844.348,1.0623529,0.019280527
63.85078,63850.78,1.0745437,0.032411072
63.857212,63857.212,1.079077,0.055656124
63.863643,63863.643,1.0701773,0.083251983
63.870075,63870.075,1.0605298,0.12214529
63.876507,63876.507,1.0648674,0.17279047
63.880795,63880.795,1.0903087,0.21968557
63.891514,63891.514,1.1151582,0.24527809
63.895802,63895.802,1.1109276,0.23912615
63.902234,63902.234,1.0593609,0.18358342
63.908666,63908.666,0.99300706,0.1041596
63.915097,63915.097,0.95958477,0.060752504
63.927961,63927.961,0.97268116,0.084224388
63.934393,63934.393,0.9986068,0.14329433
63.940824,63940.824,1.0141654,0.20464541
63.953688,63953.688,1.032575,0.26356882
63.962264,63962.264,1.066572,0.32232779
63.968695,63968.695,1.0922372,0.3580634
63.970839,63970.839,1.062798,0.34719902
63.981559,63981.559,1.0158941,0.30924317
63.985847,63985.847,1.0160778,0.28596458
63.987991,63987.991,1.0383217,0.28198096
63.99871,63998.71,1.0509565,0.26847529
64.005081,64005.081,1.0221018,0.23706402
64.011331,64011.331,0.96915203,0.1820208
64.017581,64017.581,0.93435001,0.13044037
64.023831,64023.831,0.95719182,0.1231707
64.027998,64027.998,1.0146687,0.178315
64.036331,64036.331,1.055266,0.24331792
64.044664,64044.664,1.038774,0.2530396
64.046748,64046.748,0.9890781,0.1867578
64.055081,64055.081,0.95080656,0.10499013
64.061331,64061.331,0.9460519,0.064456522
64.073831,64073.831,0.95718026,0.083823331
64.080081,64080.081,0.96923083,0.1233547
64.086331,64086.331,0.97458011,0.15216722
64.09258,64092.58,0.97858465,0.16605932
64.09883,64098.83,0.98575383,0.1820967
64.106997,64106.997,0.99763882,0.20129693
64.112997,64112.997,1.0102881,0.20556752
64.116997,64116.997,1.0199567,0.18466443
64.120997,64120.997,1.0211639,0.1513778
64.130997,64130.997,1.0261066,0.13811862
64.148997,64148.997,1.0575559,0.15682672
64.164998,64164.998,1.1178733,0.18958542
64.176998,64176.998,1.1807429,0.20155412
64.182998,64182.998,1.2259195,0.18905297
64.188998,64188.998,1.2445389,0.18090636
64.192998,64192.998,1.2413375,0.1813914
64.202998,64202.998,1.2164714,0.18398133
64.212998,64212.998,1.1768314,0.20129462
64.218998,64218.998,1.1488798,0.26213077
64.248998,64248.998,1.1621298,0.35008779
64.256999,64256.999,1.2097063,0.40998185
64.260999,64260.999,1.2474624,0.36993262
64.276999,64276.999,1.2490025,0.28650481
64.284999,64284.999,1.2173049,0.22962566
64.290999,64290.999,1.183642,0.19344585
64.298999,64298.999,1.1640586,0.20178431
64.302999,64302.999,1.1509832,0.2543343
64.30865,64308.65,1.1312431,0.30632502
64.318555,64318.555,1.1124799,0.3148793
64.323508,64323.508,1.1091399,0.26055557
64.32846,64328.46,1.1247934,0.191166
64.340016,64340.016,1.1507688,0.16471399
64.341667,64341.667,1.180874,0.20284939
64.34827,64348.27,1.1977899,0.26686177
64.353223,64353.223,1.1957165,0.32421413
64.358176,64358.176,1.1908921,0.35448697
64.363128,64363.128,1.1910105,0.36535585
64.368081,64368.081,1.1836393,0.36642647
64.373033,64373.033,1.1607745,0.37094179
64.376335,64376.335,1.1367517,0.38422313
64.382938,64382.938,1.1305109,0.40399358
64.387891,64387.891,1.1376345,0.41335776
64.392844,64392.844,1.1374208,0.401057
64.399447,64399.447,1.1210971,0.37326962
64.401098,64401.098,1.10478,0.3475576
64.40605,64406.05,1.1051015,0.33431727
64.413139,64413.139,1.1239184,0.32897818
64.419548,64419.548,1.1402853,0.32391334
64.425957,64425.957,1.1366308,0.31549844
64.432366,64432.366,1.0973777,0.30516717
64.438776,64438.776,1.0371637,0.27858213
64.447321,64447.321,0.98373961,0.23358299
64.451594,64451.594,0.95457673,0.18986921
64.458003,64458.003,0.94281435,0.1702511
64.464412,64464.412,0.93970507,0.17139059
64.472957,64472.957,0.94105297,0.17376453
64.475093,64475.093,0.94791549,0.17024837
64.481503,64481.503,0.95997411,0.16783704
64.490048,64490.048,0.97244513,0.16818653
64.494321,64494.321,0.97776306,0.15812832
64.502866,64502.866,0.97737926,0.138899
64.509275,64509.275,0.98235524,0.13376223
64.515684,64515.684,0.99954098,0.16325088
64.524229,64524.229,1.0319886,0.21006508
64.528502,64528.502,1.0648811,0.24071926
64.534911,64534.911,1.0782639,0.23697652
64.54132,64541.32,1.0662228,0.21714489
64.547729,64547.729,1.0461358,0.20255622
64.554138,64554.138,1.0329876,0.20049196
64.558411,64558.411,1.0261809,0.19933192
64.56482,64564.82,1.0137593,0.19235462
64.571229,64571.229,0.99366897,0.17786647
64.579775,64579.775,0.97090584,0.1563886
64.586184,64586.184,0.95473117,0.13033126
64.592593,64592.593,0.94948965,0.11072642
64.601138,64601.138,0.95495397,0.11102771
64.605411,64605.411,0.96432692,0.1337693
64.61182,64611.82,0.97209841,0.16222809
64.618229,64618.229,0.97611791,0.1809718
64.622502,64622.502,0.98643345,0.18088187
64.631047,64631.047,1.0071983,0.17207471
64.63532,64635.32,1.0296952,0.16797049
64.641729,64641.729,1.047405,0.17905408
64.650274,64650.274,1.0642469,0.19403955
64.656683,64656.683,1.0805396,0.193691
64.663092,64663.092,1.0843645,0.16821203
64.669501,64669.501,1.071425,0.13433915
64.67591,64675.91,1.0557017,0.11263582
64.682319,64682.319,1.052693,0.10953864
64.688728,64688.728,1.0690142,0.1181689
64.695137,64695.137,1.0946608,0.13911703
64.725046,64725.046,1.1202006,0.16785868
64.733592,64733.592,1.1388087,0.19278629
64.740001,64740.001,1.150529,0.20386553
64.74641,64746.41,1.1562341,0.20319252
64.752819,64752.819,1.1645265,0.20835854
64.759228,64759.228,1.1833477,0.23257194
64.765637,64765.637,1.2125791,0.27421686
64.772046,64772.046,1.2504405,0.31378162
64.778455,64778.455,1.28501,0.33763099
64.784864,64784.864,1.3009572,0.34166145
64.791273,64791.273,1.2936541,0.33562452
64.795546,64795.546,1.2772641,0.32666749
64.801955,64801.955,1.2646443,0.31668532
64.8105,64810.5,1.2601339,0.30342174
64.816909,64816.909,1.2580972,0.28779712
64.823318,64823.318,1.2564294,0.25936681
64.829727,64829.727,1.2520676,0.21917139
64.835964,64835.964,1.2439287,0.18535931
64.841855,64841.855,1.2328775,0.17417675
64.847746,64847.746,1.2212397,0.17807652
64.859528,64859.528,1.2114167,0.17951703
64.865418,64865.418,1.204386,0.17194869
64.871309,64871.309,1.2045735,0.16694795
64.875237,64875.237,1.2127417,0.17416222
64.881128,64881.128,1.2243725,0.19499457
64.888982,64888.982,1.2310531,0.21095209
64.896837,64896.837,1.2252783,0.20183831
64.900764,64900.764,1.203891,0.16086975
64.906655,64906.655,1.1663355,0.10975716
64.912546,64912.546,1.1208247,0.07104554
64.916473,64916.473,1.0773556,0.055031449
64.924328,64924.328,1.0450339,0.053718511
64.930219,64930.219,1.0305493,0.062212318
64.93611,64936.11,1.0402752,0.074063063
64.946538,64946.538,1.07373,0.085663423
64.951074,64951.074,1.1094207,0.096382722
64.95788,64957.88,1.1436714,0.1242292
64.964685,64964.685,1.1859696,0.17466046
64.97149,64971.49,1.2309169,0.2282199
64.978295,64978.295,1.2599771,0.26326042
64.9851,64985.1,1.2651058,0.2759178
64.991905,64991.905,1.2566408,0.27340961
64.996442,64996.442,1.2423562,0.25953138
65.003247,65003.247,1.2270668,0.24011354
65.010052,65010.052,1.2166708,0.22542602
65.019125,65019.125,1.2187076,0.22237235
65.023662,65023.662,1.2311571,0.22850615
65.032736,65032.736,1.2455779,0.24007237
65.038133,65038.133,1.2495245,0.25256154
65.042827,65042.827,1.2441695,0.26105538
65.045956,65045.956,1.241498,0.26118556
65.052214,65052.214,1.2491658,0.25225693
65.056907,65056.907,1.264483,0.23740499
65.061601,65061.601,1.2839162,0.2180073
65.067859,65067.859,1.3009732,0.19127239
65.072552,65072.552,1.3089861,0.16077617
65.077246,65077.246,1.3041584,0.13744736
65.07881,65078.81,1.2864552,0.1154493
65.085069,65085.069,1.2641356,0.093473665
65.091327,65091.327,1.2458441,0.089241512
65.09602,65096.02,1.2300119,0.11711168
65.100714,65100.714,1.2030581,0.15600473
65.106972,65106.972,1.1556097,0.17048433
65.110101,65110.101,1.0828085,0.14589722
65.11323,65113.23,1.0106091,0.10763454
65.117923,65117.923,0.97585839,0.08032649
65.124181,65124.181,0.99837673,0.064217269
65.128875,65128.875,1.04642,0.048973672
65.133413,65133.413,1.0794872,0.043359797
65.13764,65137.64,1.0602772,0.05139989
65.140458,65140.458,1.0109773,0.066494383
65.150321,65150.321,0.9803201,0.081471659
65.154548,65154.548,1.0142097,0.097067237
65.157366,65157.366,1.0927024,0.11156186
65.163002,65163.002,1.1657583,0.11469509
65.16582,65165.82,1.1975923,0.10721999
65.170047,65170.047,1.1969898,0.094803035
65.174274,65174.274,1.1807673,0.087431841
65.17991,65179.91,1.1577613,0.089594357
65.184137,65184.137,1.131286,0.098707579
65.188364,65188.364,1.109874,0.10713821
65.194,65194,1.1019102,0.10823625
65.196818,65196.818,1.0902823,0.10089357
65.201045,65201.045,1.0542643,0.09103635
65.205272,65205.272,1.0006849,0.088791728
65.212317,65212.317,0.94116396,0.099353105
65.219362,65219.362,0.8799662,0.11311531
65.223589,65223.589,0.82578212,0.11784449
65.240999,65240.999,0.79687059,0.11479108
65.244999,65244.999,0.81259,0.11692419
65.256999,65256.999,0.86013746,0.13247956
65.269,65269,0.90952998,0.15560757
65.277,65277,0.92876506,0.17886598
65.293001,65293.001,0.91294736,0.19186461
65.305001,65305.001,0.87275416,0.18433182
65.321002,65321.002,0.82899362,0.14646469
65.334252,65334.252,0.81393993,0.098745495
65.344751,65344.751,0.85546952,0.076330386
65.346501,65346.501,0.95872313,0.1032643
65.355251,65355.251,1.0764122,0.1576926
65.360501,65360.501,1.157769,0.2059221
65.365751,65365.751,1.1617987,0.20611367
65.37625,65376.25,1.1291077,0.1733814
65.39375,65393.75,1.0976197,0.14694788
65.398999,65398.999,1.0771558,0.13853909
65.404249,65404.249,1.0776123,0.14134477
65.418249,65418.249,1.0919856,0.13808255
65.419999,65419.999,1.1069413,0.12833248
65.442085,65442.085,1.122879,0.13057788
65.44815,65448.15,1.1433116,0.1461754
65.454216,65454.216,1.1647737,0.16095509
65.460281,65460.281,1.1771972,0.17011043
65.466347,65466.347,1.1768631,0.18727629
65.472412,65472.412,1.1724304,0.2164335
65.478477,65478.477,1.1723981,0.23829457
65.484543,65484.543,1.171538,0.23034176
65.490608,65490.608,1.1607151,0.20234753
65.496673,65496.673,1.1425687,0.18345964
65.512848,65512.848,1.1360114,0.19141132
65.520935,65520.935,1.1515825,0.21403432
65.527,65527,1.1793613,0.23562424
65.535,65535,1.184835,0.23634376
65.539,65539,1.1568187,0.21718282
65.541,65541,1.1203847,0.1936779
65.543,65543,1.0962034,0.17415109
65.545,65545,1.112499,0.15842849
65.549,65549,1.1590865,0.17281698
65.551,65551,1.2538842,0.23054475
65.557,65557,1.2794001,0.25794944
65.567,65567,1.2761346,0.25520778
65.569,65569,1.2614329,0.25945517
65.575,65575,1.2341391,0.27057242
65.581,65581,1.199707,0.27078691
65.585,65585,1.1709368,0.18306972
65.595,65595,1.1838619,0.14025727
65.599,65599,1.1965711,0.10060866
65.603,65603,1.2025586,0.10428535
65.611,65611,1.2216905,0.14997564
65.613619,65613.619,1.2505014,0.22247884
65.616238,65616.238,1.2717245,0.2740626
65.624095,65624.095,1.2772496,0.2754024
65.626714,65626.714,1.2773467,0.25245014
65.631953,65631.953,1.2893014,0.24038805
65.634572,65634.572,1.3152736,0.2514177
65.637191,65637.191,1.3428456,0.2620939
65.63981,65639.81,1.3596817,0.25412887
65.642429,65642.429,1.3653944,0.22769386
65.645048,65645.048,1.3677446,0.2019864
65.647667,65647.667,1.3681064,0.18725826
65.650286,65650.286,1.3624027,0.16586603
65.652905,65652.905,1.3309869,0.13128978
65.658143,65658.143,1.2861385,0.11046629
65.660762,65660.762,1.2716699,0.152172
65.663381,65663.381,1.3188564,0.2531735
65.666001,65666.001,1.394935,0.36239293
65.66862,65668.62,1.4476606,0.43003762
65.671239,65671.239,1.4475119,0.45187703
65.673858,65673.858,1.4194976,0.44517612
65.676477,65676.477,1.3931682,0.43611982
65.681715,65681.715,1.3925123,0.44408062
65.686953,65686.953,1.4015082,0.44596422
65.692191,65692.191,1.3959213,0.4367187
65.697429,65697.429,1.373732,0.41780895
65.700048,65700.048,1.3494686,0.39479193
65.705287,65705.287,1.332747,0.37859106
65.707906,65707.906,1.3183421,0.3702817
65.710525,65710.525,1.2985213,0.36183384
65.713144,65713.144,1.2633569,0.35051253
65.715763,65715.763,1.2426387,0.34754634
65.718382,65718.382,1.2665385,0.36228758
65.721001,65721.001,1.3108387,0.38918701
65.729561,65729.561,1.3651015,0.4019092
65.733841,65733.841,1.380432,0.37839794
65.742401,65742.401,1.3890632,0.34973073
65.746681,65746.681,1.4006828,0.3352409
65.759522,65759.522,1.4022651,0.36000246
65.768082,65768.082,1.391826,0.38775775
65.772362,65772.362,1.3749279,0.39841676
65.780922,65780.922,1.3673348,0.38335356
65.785202,65785.202,1.3755991,0.361581
65.789482,65789.482,1.3876503,0.35446712
65.793762,65793.762,1.3968551,0.39466462
65.802323,65802.323,1.4086066,0.4067412
65.806603,65806.603,1.369182,0.36935562
65.815163,65815.163,1.3201232,0.35177067
65.819443,65819.443,1.2959423,0.35867757
65.823723,65823.723,1.3068454,0.38155314
65.828003,65828.003,1.3279425,0.40165204
65.830173,65830.173,1.3441664,0.41088647
65.832343,65832.343,1.3552461,0.41373664
65.834513,65834.513,1.3662877,0.41030961
65.836684,65836.684,1.3638678,0.36897442
65.838854,65838.854,1.3552859,0.34783897
65.841024,65841.024,1.3702544,0.37447762
65.845364,65845.364,1.3959961,0.39417282
65.847534,65847.534,1.4322,0.35399848
65.851875,65851.875,1.4190383,0.33179772
65.854045,65854.045,1.4111309,0.34367168
65.856215,65856.215,1.4327754,0.37944511
65.858385,65858.385,1.4768925,0.41379181
65.860555,65860.555,1.5226609,0.4282231
65.862725,65862.725,1.5539428,0.43013379
65.864896,65864.896,1.6059217,0.44495314
65.869236,65869.236,1.6441114,0.46021584
65.871406,65871.406,1.6912429,0.47465345
65.875746,65875.746,1.6672175,0.47004607
65.877916,65877.916,1.6314348,0.45881003
65.880087,65880.087,1.6171142,0.43840855
65.882257,65882.257,1.6269798,0.40205991
65.884427,65884.427,1.6296256,0.40915069
65.886597,65886.597,1.6222802,0.42840022
65.888767,65888.767,1.6129072,0.44822931
65.890937,65890.937,1.6175263,0.46032974
65.893107,65893.107,1.6369761,0.46538511
65.895278,65895.278,1.6561009,0.46494445
65.899618,65899.618,1.6315802,0.46865287
65.901788,65901.788,1.678159,0.44502798
65.906128,65906.128,1.7065376,0.42744473
65.908299,65908.299,1.7238966,0.42072856
65.910469,65910.469,1.7390367,0.42671674
65.912639,65912.639,1.7593894,0.44029084
65.914809,65914.809,1.7837458,0.44741052
65.916979,65916.979,1.800688,0.44491801
65.919149,65919.149,1.7821285,0.45873868
65.92349,65923.49,1.7530743,0.48251292
65.92566,65925.66,1.7362089,0.48246378
65.93,65930,1.736927,0.45591363
65.931829,65931.829,1.7329375,0.43936151
65.933657,65933.657,1.7362758,0.44788888
65.935486,65935.486,1.7573767,0.47008547
65.937315,65937.315,1.7879792,0.489568
65.939143,65939.143,1.8200029,0.47859076
65.940972,65940.972,1.8463868,0.43991375
65.944629,65944.629,1.8603995,0.40291229
65.946458,65946.458,1.849509,0.40017784
65.951944,65951.944,1.8124318,0.46476334
65.955601,65955.601,1.854663,0.46346456
65.95743,65957.43,1.8928156,0.46742657
65.959259,65959.259,1.9055752,0.48192656
65.961087,65961.087,1.9013995,0.49036551
65.962916,65962.916,1.8922249,0.48253489
65.966573,65966.573,1.8588724,0.45814419
65.97023,65970.23,1.8483411,0.46021268
65.972059,65972.059,1.884764,0.48508045
65.977545,65977.545,1.9288949,0.50702065
65.981202,65981.202,1.9869395,0.53491545
65.98486,65984.86,2.0349131,0.56250179
65.988517,65988.517,2.0405998,0.57892215
65.992174,65992.174,2.0133655,0.58430201
65.994654,65994.654,2.0080118,0.60501951
65.995305,65995.305,2.0397789,0.63617778
65.997259,65997.259,2.041965,0.67893744
65.998561,65998.561,2.0145061,0.71835685
65.999863,65999.863,2.0140004,0.70337087
66.000515,66000.515,2.0425081,0.64117253
66.002468,66002.468,2.0518758,0.58175278
66.00377,66003.77,2.0351968,0.55381042
66.006375,66006.375,2.0105295,0.55666912
66.007677,66007.677,2.061002,0.54682481
66.009631,66009.631,2.0961797,0.54957485
66.010933,66010.933,2.1112287,0.55118769
66.011584,66011.584,2.0881436,0.52680159
66.014189,66014.189,2.0727041,0.51666093
66.015491,66015.491,2.0273566,0.53957802
66.016794,66016.794,2.0089254,0.48678499
66.018096,66018.096,1.9663978,0.46661842
66.018747,66018.747,1.9548453,0.47481474
66.02005,66020.05,1.9540769,0.49292699
66.022777,66022.777,1.9336057,0.53647518
66.024325,66024.325,1.8935063,0.60281861
66.031293,66031.293,1.8518156,0.67013502
66.032067,66032.067,1.8315624,0.71529657
66.04755,66047.55,1.8433923,0.66744322
66.048324,66048.324,1.8419166,0.61625236
66.053744,66053.744,1.8183771,0.60052067
66.058389,66058.389,1.7812285,0.59386814
66.063034,66063.034,1.7086123,0.55546147
66.067679,66067.679,1.6608211,0.51532727
66.076194,66076.194,1.6263678,0.4757424
66.083936,66083.936,1.6162984,0.43906304
66.091678,66091.678,1.597279,0.40179178
66.095548,66095.548,1.5290281,0.35688043
66.100967,66100.967,1.5403123,0.37507194
66.105612,66105.612,1.5851923,0.40939188
66.110257,66110.257,1.6245004,0.42618343
66.114902,66114.902,1.6255864,0.40624872
66.123418,66123.418,1.5910598,0.35795042
66.13116,66131.16,1.5250392,0.29679248
66.138127,66138.127,1.4610894,0.24153055
66.14885,66148.85,1.4459895,0.20540476
66.153418,66153.418,1.5165732,0.19217649
66.156158,66156.158,1.6242405,0.1863804
66.16027,66160.27,1.6876203,0.17241657
66.164381,66164.381,1.6561407,0.14596188
66.166665,66166.665,1.5735149,0.12154353
66.169862,66169.862,1.4997993,0.11183716
66.172603,66172.603,1.4690896,0.11249401
66.173973,66173.973,1.4655157,0.11607307
66.179455,66179.455,1.4741838,0.13061161
66.180825,66180.825,1.4897143,0.16832709
66.181739,66181.739,1.5068169,0.2060229
66.183109,66183.109,1.5168984,0.19861539
66.184936,66184.936,1.5155437,0.12419151
66.187677,66187.677,1.4942613,0.032006986
66.190418,66190.418,1.4420531,-0.016268825
66.194529,66194.529,1.3861209,0.006089866
66.19727,66197.27,1.3752718,0.057423923
66.19864,66198.64,1.4436949,0.096825309
66.200924,66200.924,1.5407665,0.098582022
66.204121,66204.121,1.5880741,0.071048185
66.206862,66206.862,1.5533266,0.024414985
66.208233,66208.233,1.4805063,-0.021940613
66.210973,66210.973,1.4056107,-0.052031368
66.213714,66213.714,1.3342767,-0.060750682
66.215998,66215.998,1.2648865,-0.062186923
66.217368,66217.368,1.222555,-0.067761734
66.220566,66220.566,1.2212702,-0.068368457
66.223307,66223.307,1.2448783,-0.035026021
66.224677,66224.677,1.2732817,0.000112745
66.227418,66227.418,1.3090577,-0.026536634
66.228788,66228.788,1.3523951,-0.084745571
66.231529,66231.529,1.3796138,-0.1163886
66.232899,66232.899,1.3809593,-0.071454056
66.233813,66233.813,1.3595541,0.009348686
66.235183,66235.183,1.3005418,0.048063621
66.238381,66238.381,1.2297306,0.000616145
66.239751,66239.751,1.203753,-0.083009526
66.241121,66241.121,1.2558298,-0.13968116
66.245233,66245.233,1.3284855,-0.15272558
66.246603,66246.603,1.3423073,-0.14640096
66.249344,66249.344,1.2534755,-0.11897218
66.251628,66251.628,1.1273537,-0.0472502
66.253361,66253.361,1.0483046,0.051095027
66.254451,66254.451,1.0641196,0.11651015
66.25772,66257.72,1.1402329,0.10216875
66.25881,66258.81,1.2374727,0.036958352
66.2599,66259.9,1.3348752,-0.025103413
66.262079,66262.079,1.4159002,-0.05726992
66.264259,66264.259,1.4480097,-0.075484633
66.264985,66264.985,1.4156096,-0.089765072
66.267528,66267.528,1.3506904,-0.097861737
66.268617,66268.617,1.292092,-0.088038675
66.269707,66269.707,1.2527053,-0.056083716
66.270797,66270.797,1.2266462,-0.005567466
66.272976,66272.976,1.2245915,0.04572488
66.275156,66275.156,1.2695869,0.080683596
66.276246,66276.246,1.3449728,0.085335292
66.278062,66278.062,1.4018675,0.070188053
66.280605,66280.605,1.40007,0.054854397
66.281694,66281.694,1.3576761,0.039895467
66.282784,66282.784,1.3132505,0.023126371
66.283874,66283.874,1.3030125,0.020040588
66.286053,66286.053,1.3209997,0.042827029
66.287143,66287.143,1.3425043,0.08084143
66.289322,66289.322,1.3510152,0.11532754
66.290412,66290.412,1.3563713,0.13113156
66.291502,66291.502,1.3733879,0.13601528
66.292228,66292.228,1.4120709,0.14559582
66.294771,66294.771,1.4575012,0.16378543
66.295861,66295.861,1.4871076,0.17784788
66.29804,66298.04,1.4972106,0.17842755
66.30022,66300.22,1.4949045,0.15272336
66.301309,66301.309,1.4737798,0.11678486
66.302399,66302.399,1.4162704,0.10453245
66.303489,66303.489,1.3367943,0.13604203
66.305305,66305.305,1.2769173,0.19348441
66.306395,66306.395,1.2752723,0.25392237
66.308938,66308.938,1.3175975,0.30734685
66.311117,66311.117,1.3661184,0.34962383
66.312207,66312.207,1.398288,0.36662847
66.313296,66313.296,1.4189668,0.35286155
66.315476,66315.476,1.435232,0.32946905
66.316566,66316.566,1.4456414,0.32229382
66.317655,66317.655,1.4407512,0.32873544
66.320561,66320.561,1.4113632,0.33429077
66.322014,66322.014,1.3711777,0.34694865
66.323104,66323.104,1.3450989,0.39392298
66.324194,66324.194,1.3531818,0.46373206
66.326373,66326.373,1.3772374,0.50632113
66.329642,66329.642,1.3848042,0.47254944
66.331822,66331.822,1.3397307,0.39461616
66.333638,66333.638,1.2632949,0.34447676
66.335091,66335.091,1.2091784,0.37928578
66.337271,66337.271,1.2338947,0.46869913
66.340101,66340.101,1.3274747,0.55342412
66.343257,66343.257,1.4438766,0.6012221
66.344835,66344.835,1.5408444,0.62094796
66.347992,66347.992,1.5977573,0.61494911
66.366403,66366.403,1.6010261,0.58089095
66.369559,66369.559,1.539607,0.52895391
66.372715,66372.715,1.4417298,0.48025861
66.374293,66374.293,1.3527145,0.45269123
66.378502,66378.502,1.3256564,0.44623879
66.380606,66380.606,1.3502678,0.45517305
66.382184,66382.184,1.3767945,0.46438491
66.386918,66386.918,1.3632568,0.46898046
66.388496,66388.496,1.3190708,0.47855422
66.390074,66390.074,1.2715758,0.49731699
66.39323,66393.23,1.2314732,0.5172978
66.397439,66397.439,1.1976951,0.52981865
66.401121,66401.121,1.1799263,0.55082417
66.402699,66402.699,1.1965759,0.58894235
66.404277,66404.277,1.237614,0.6245206
66.407433,66407.433,1.2700665,0.61506152
66.409011,66409.011,1.281752,0.56397921
66.41059,66410.59,1.2865885,0.5204879
66.412168,66412.168,1.2907521,0.5312928
66.414272,66414.272,1.2883068,0.58236724
66.417428,66417.428,1.2715275,0.63182771
66.419006,66419.006,1.2439052,0.64337683
66.422162,66422.162,1.2223595,0.62789434
66.425318,66425.318,1.2163219,0.61426282
66.429527,66429.527,1.2180507,0.62676466
66.433209,66433.209,1.2063965,0.63679332
66.437943,66437.943,1.1743845,0.61313683
66.441099,66441.099,1.1355358,0.5729214
66.444256,66444.256,1.0995964,0.53820318
66.447412,66447.412,1.0827512,0.52913278
66.448464,66448.464,1.1046816,0.53484023
66.450042,66450.042,1.1478939,0.53085101
66.453724,66453.724,1.1798047,0.49701789
66.45688,66456.88,1.1791198,0.45452669
66.461615,66461.615,1.1623901,0.44090205
66.464771,66464.771,1.1537999,0.48320895
66.466349,66466.349,1.1678747,0.54782599
66.468979,66468.979,1.1866103,0.58124846
66.470557,66470.557,1.1853971,0.56148607
66.47424,66474.24,1.1586682,0.5205062
66.477396,66477.396,1.1177514,0.48574054
66.48213,66482.13,1.0633788,0.46495903
66.485286,66485.286,0.99116373,0.45264158
66.487916,66487.916,0.92533791,0.4562853
66.493177,66493.177,0.90956122,0.49088603
66.494755,66494.755,0.96276712,0.54571575
66.496333,66496.333,1.0377437,0.58968544
66.499489,66499.489,1.0789334,0.59474272
66.501067,66501.067,1.0552496,0.56977332
66.504223,66504.223,1.0010744,0.53909564
66.50738,66507.38,0.9590528,0.52120739
66.512114,66512.114,0.96677601,0.51527083
66.51527,66515.27,1.0156853,0.5166012
66.516848,66516.848,1.0792003,0.52127367
66.520004,66520.004,1.1369596,0.52715898
66.523161,66523.161,1.1741039,0.5322656
66.524739,66524.739,1.1723063,0.5288592
66.526317,66526.317,1.1084424,0.5157674
66.527369,66527.369,1.0050585,0.50084144
66.531009,66531.009,0.91233385,0.48290652
66.532523,66532.523,0.86124307,0.46250811
66.534038,66534.038,0.8559168,0.45007822
66.535552,66535.552,0.90626806,0.45998687
66.540095,66540.095,1.0113125,0.48838535
66.543124,66543.124,1.1263704,0.51837748
66.544639,66544.639,1.1958121,0.53546822
66.546153,66546.153,1.2081347,0.54534137
66.548677,66548.677,1.2046397,0.56136954
66.550192,66550.192,1.2089043,0.58859169
66.552716,66552.716,1.2117358,0.61236244
66.55625,66556.25,1.1932472,0.61652744
66.557764,66557.764,1.160974,0.59734988
66.560793,66560.793,1.1246649,0.57324785
66.563822,66563.822,1.1014411,0.56129944
66.565337,66565.337,1.109897,0.56895918
66.568365,66568.365,1.1624788,0.58972645
66.571394,66571.394,1.2228816,0.61974609
66.572404,66572.404,1.269418,0.65628213
66.575938,66575.938,1.3096342,0.68996865
66.577452,66577.452,1.3328488,0.70700568
66.578967,66578.967,1.328825,0.70289946
66.58351,66583.51,1.303218,0.68484432
66.585025,66585.025,1.2691833,0.65657258
66.588054,66588.054,1.2304059,0.61928815
66.590578,66590.578,1.193794,0.58632046
66.592092,66592.092,1.1773372,0.57959032
66.594111,66594.111,1.183915,0.60020143
66.595626,66595.626,1.1973909,0.6261586
66.598655,66598.655,1.2072296,0.6447342
66.600169,66600.169,1.2225897,0.66701174
66.601684,66601.684,1.2425476,0.69485068
66.604713,66604.713,1.2414455,0.70168769
66.608246,66608.246,1.1913849,0.66244435
66.609761,66609.761,1.1100565,0.60103917
66.61279,66612.79,1.0401856,0.56440419
66.615819,66615.819,1.0110323,0.57623994
66.617333,66617.333,1.020031,0.60781407
66.620362,66620.362,1.0621674,0.62740928
66.621877,66621.877,1.1511322,0.62067515
66.624401,66624.401,1.2088865,0.60077941
66.627934,66627.934,1.1629201,0.57728219
66.629449,66629.449,1.0762464,0.55434573
66.630963,66630.963,1.0095432,0.53685516
66.632478,66632.478,0.98637581,0.53545463
66.635473,66635.473,0.9870522,0.55670518
66.636888,66636.888,1.0073634,0.58841813
66.638302,66638.302,1.0726553,0.61311316
66.639716,66639.716,1.171301,0.62703353
66.642073,66642.073,1.2436315,0.63801295
66.644902,66644.902,1.2360485,0.64595664
66.647259,66647.259,1.1642009,0.6384173
66.650088,66650.088,1.0722916,0.61622733
66.652445,66652.445,1.00021,0.59921098
66.653859,66653.859,0.96477604,0.60915399
66.655745,66655.745,0.97558767,0.64249825
66.657159,66657.159,1.0345744,0.68105257
66.658573,66658.573,1.1151372,0.70970005
66.659987,66659.987,1.1840818,0.72159052
66.662816,66662.816,1.2178202,0.71093279
66.66423,66664.23,1.2245884,0.66636878
66.665645,66665.645,1.218928,0.631055
66.66753,66667.53,1.2076534,0.64205194
66.668945,66668.945,1.1973841,0.66731924
66.670359,66670.359,1.1833061,0.67918581
66.673187,66673.187,1.1676493,0.66509217
66.674602,66674.602,1.1752288,0.6479606
66.676016,66676.016,1.2280754,0.65334314
66.67743,66677.43,1.3061367,0.70215172
66.678844,66678.844,1.3711039,0.7724151
66.681673,66681.673,1.3933424,0.82536072
66.68403,66684.03,1.3789859,0.82211369
66.685916,66685.916,1.3433772,0.7750963
66.68733,66687.33,1.3027531,0.72248173
66.690159,66690.159,1.2675689,0.70655739
66.691573,66691.573,1.2444962,0.72186309
66.692987,66692.987,1.2320613,0.73495054
66.695816,66695.816,1.2234133,0.71161664
66.69723,66697.23,1.2171581,0.66625559
66.698644,66698.644,1.1922873,0.63831484
66.699587,66699.587,1.1488863,0.6553424
66.701001,66701.001,1.1172013,0.69907987
66.702887,66702.887,1.136601,0.74026471
66.704301,66704.301,1.1985902,0.76396394
66.70713,66707.13,1.2616193,0.77675873
66.708544,66708.544,1.2943648,0.78165793
66.709958,66709.958,1.3001438,0.77740443
66.711373,66711.373,1.2893685,0.76344711
66.712787,66712.787,1.2676098,0.74385357
66.714201,66714.201,1.2406956,0.72291028
66.715615,66715.615,1.2194231,0.70515174
66.717973,66717.973,1.2068938,0.69501776
66.719387,66719.387,1.2058364,0.68585277
66.721273,66721.273,1.2264876,0.67425328
66.722687,66722.687,1.272778,0.66953731
66.724101,66724.101,1.3246112,0.68740988
66.725515,66725.515,1.3561846,0.72030419
66.72693,66726.93,1.3607632,0.74262995
66.728344,66728.344,1.3488897,0.72875494
66.729758,66729.758,1.3206778,0.69248015
66.732587,66732.587,1.2742295,0.66736513
66.734001,66734.001,1.2300605,0.67356336
66.735397,66735.397,1.2219037,0.69570184
66.737491,66737.491,1.2614936,0.71405065
66.740282,66740.282,1.3145027,0.72247678
66.742376,66742.376,1.3455716,0.72712469
66.74447,66744.47,1.3299115,0.72668058
66.746563,66746.563,1.2893767,0.71110171
66.748657,66748.657,1.2585728,0.69017363
66.752844,66752.844,1.2670388,0.69232488
66.754938,66754.938,1.3070562,0.73517185
66.759126,66759.126,1.3629991,0.8039065
66.761219,66761.219,1.4153569,0.87832046
66.762615,66762.615,1.4370213,0.94444573
66.764709,66764.709,1.4314431,0.98456144
66.769594,66769.594,1.4228146,0.97282964
66.771688,66771.688,1.4151391,0.90651721
66.773782,66773.782,1.4097581,0.82760048
66.777969,66777.969,1.401491,0.7773059
66.780063,66780.063,1.3845592,0.7569105
66.782157,66782.157,1.3522444,0.73857158
66.78425,66784.25,1.3164891,0.71983629
66.786344,66786.344,1.2995051,0.70666492
66.78774,66787.74,1.3218173,0.70418566
66.789834,66789.834,1.3684829,0.70869696
66.792625,66792.625,1.4085121,0.71185964
66.794719,66794.719,1.4219044,0.71271551
66.796813,66796.813,1.4196653,0.7186352
66.798906,66798.906,1.4173127,0.7385602
66.803094,66803.094,1.422467,0.76719171
66.805187,66805.187,1.4263177,0.79054004
66.807281,66807.281,1.4197367,0.80077481
66.809375,66809.375,1.4031465,0.80103183
66.811469,66811.469,1.3880733,0.79377037
66.813562,66813.562,1.3820459,0.77706718
66.814958,66814.958,1.3863859,0.7552017
66.817052,66817.052,1.3909242,0.73993707
66.819843,66819.843,1.3859525,0.73846561
66.821937,66821.937,1.3658233,0.74412918
66.824031,66824.031,1.3438061,0.74791592
66.826125,66826.125,1.3385686,0.75236136
66.828218,66828.218,1.3643962,0.76067322
66.830312,66830.312,1.4056793,0.76484811
66.832406,66832.406,1.4362413,0.75465322
66.8345,66834.5,1.4444209,0.73593098
66.836593,66836.593,1.4391198,0.72479111
66.838687,66838.687,1.4250053,0.72595817
66.840083,66840.083,1.403509,0.73061562
66.842176,66842.176,1.3784137,0.73456091
66.844968,66844.968,1.3579143,0.74755776
66.849156,66849.156,1.3524088,0.77235103
66.851249,66851.249,1.3571457,0.79420942
66.853343,66853.343,1.3575978,0.79735178
66.855437,66855.437,1.3569647,0.78594708
66.85753,66857.53,1.3660181,0.7751897
66.859624,66859.624,1.3815883,0.77694458
66.861718,66861.718,1.4046731,0.77362448
66.863812,66863.812,1.4126593,0.74587804
66.865905,66865.905,1.3949275,0.70788431
66.869395,66869.395,1.3759762,0.68095535
66.87428,66874.28,1.3698964,0.67095542
66.876374,66876.374,1.372116,0.66756481
66.878468,66878.468,1.3670454,0.66781986
66.880561,66880.561,1.35225,0.67241454
66.882655,66882.655,1.3274786,0.67855388
66.884749,66884.749,1.3037699,0.67804068
66.886842,66886.842,1.295624,0.67361969
66.888936,66888.936,1.3078111,0.67353988
66.89103,66891.03,1.3284143,0.67786026
66.892426,66892.426,1.3469027,0.67649072
66.894519,66894.519,1.3641512,0.66784048
66.897311,66897.311,1.3799757,0.66471756
66.899405,66899.405,1.382256,0.67934197
66.903592,66903.592,1.3520052,0.69738019
66.905686,66905.686,1.2999916,0.69180989
66.90778,66907.78,1.2587283,0.65703219
66.909873,66909.873,1.2463447,0.62672603
66.911967,66911.967,1.2526066,0.63278639
66.914061,66914.061,1.267482,0.67835605
66.916155,66916.155,1.2849149,0.73034322
66.918248,66918.248,1.3084497,0.7662912
66.919644,66919.644,1.342456,0.78898454
66.921738,66921.738,1.3854841,0.80998713
66.924529,66924.529,1.4185882,0.82001078
66.926623,66926.623,1.4198916,0.81211782
66.928717,66928.717,1.3835959,0.79087794
66.930811,66930.811,1.3346599,0.76426417
66.932904,66932.904,1.2973429,0.73062527
66.934998,66934.998,1.2685986,0.69477201
66.937156,66937.156,1.2426978,0.67437083
66.941471,66941.471,1.2398763,0.68239176
66.943628,66943.628,1.2839293,0.70708805
66.945067,66945.067,1.3557084,0.72905052
66.950101,66950.101,1.4110332,0.74278063
66.952259,66952.259,1.4212611,0.7501148
66.954416,66954.416,1.4012016,0.74264663
66.956574,66956.574,1.3718526,0.71318734
66.958732,66958.732,1.3477145,0.67430043
66.965204,66965.204,1.3325602,0.6472075
66.967362,66967.362,1.3312961,0.64355892
66.96952,66969.52,1.3520474,0.65470201
66.971677,66971.677,1.389141,0.671404
66.975273,66975.273,1.4267858,0.69204992
66.97815,66978.15,1.4630291,0.71201169
66.980308,66980.308,1.4865249,0.72847021
66.982465,66982.465,1.4748513,0.74722457
66.98678,66986.78,1.4358687,0.76744968
66.988938,66988.938,1.3851205,0.78613752
66.991095,66991.095,1.3370553,0.80060065
66.993253,66993.253,1.303757,0.8104949
66.995411,66995.411,1.2972212,0.82054275
66.999007,66999.007,1.3245262,0.83215523
67.001164,67001.164,1.3632109,0.84002137
67.004041,67004.041,1.3809625,0.83516645
67.008356,67008.356,1.3500559,0.81584483
67.012671,67012.671,1.2933407,0.78758943
67.014829,67014.829,1.2543654,0.75387144
67.016987,67016.987,1.2743227,0.72313213
67.021302,67021.302,1.3309605,0.70835972
67.025617,67025.617,1.3726593,0.72196633
67.027055,67027.055,1.3624207,0.75049096
67.029213,67029.213,1.3150108,0.76811188
67.034247,67034.247,1.2564576,0.74878168
67.036405,67036.405,1.2022632,0.70603067
67.038563,67038.563,1.1637836,0.67340374
67.04072,67040.72,1.1608263,0.67470223
67.045035,67045.035,1.215228,0.70059848
67.047193,67047.193,1.2915928,0.73494422
67.049351,67049.351,1.3587103,0.7681151
67.052947,67052.947,1.4075898,0.79386508
67.055104,67055.104,1.4055203,0.80111319
67.057981,67057.981,1.3279445,0.78012621
67.060139,67060.139,1.2166831,0.74423122
67.062296,67062.296,1.1385922,0.71693808
67.064454,67064.454,1.1401019,0.71372759
67.066611,67066.611,1.1942177,0.72907674
67.068769,67068.769,1.2576581,0.75498927
67.070927,67070.927,1.3084577,0.78202218
67.073084,67073.084,1.3502887,0.80394179
67.075242,67075.242,1.3783265,0.81756598
67.079557,67079.557,1.3904091,0.82729191
67.080995,67080.995,1.3836669,0.83494103
67.083153,67083.153,1.3522142,0.83346784
67.08603,67086.03,1.2956271,0.81754726
67.088187,67088.187,1.2384679,0.79638582
67.090345,67090.345,1.2123303,0.78473538
67.092503,67092.503,1.2296871,0.78753716
67.09466,67094.66,1.2682816,0.79509348
67.096818,67096.818,1.3076123,0.80019754
67.098975,67098.975,1.3408653,0.80069286
67.101133,67101.133,1.3748946,0.79922712
